Prozess-ID;Schritt-Nr.;Tätigkeit;Ausführende Person / Rolle;Eingaben;System;Ergebnis;Übergabe;Freigabe;Ausnahme / nächster Schritt;Bearbeitungszeit;Wartezeit;Nachweis / Prüfstatus
K1.05;1;Kundenstatus prüfen (Neu- oder Bestandskunde), bei Neukunden Sanktionslistenprüfung;Vertrieb Werk 4 (Person offen);Kundenanfrage;Sanktionsliste (AA U4_01), Dashboard?;Kunde eingeordnet, Sanktionsprüfung erledigt;;;Negative Sanktionsprüfung: Vorgehen offen;;;Laut AA K1_05 Rev. 1 – Praxisabgleich offen
K1.05;2;Anfrage einordnen: Handelsware oder Fertigung, HETA-Ersatzteil oder Fremdfabrikat;Vertrieb Werk 4 (Person offen);Kundenanfrage;;Anfrageart festgelegt;;;;;;Laut AA K1_05 Rev. 1 – Praxisabgleich offen
K1.05;3;Technisch prüfen: HETA-Ersatzteil gegen Ursprungsauftrag, Fremdfabrikat technisch, Fertigung auf Machbarkeit (Spezifikation, Auslegungsdaten, Werkstoffe);Vertrieb Werk 4 (Person offen), ggf. Technik;Anfrage, Ursprungsauftrag, Kundenspezifikation;;Machbarkeit bestätigt;ggf. Technik;;Fehlende Machbarkeit: Entscheidung offen;;;Laut AA K1_05 Rev. 1 – Praxisabgleich offen
K1.05;4;Anfrage im Dashboard erfassen, Ordner mit Länderkürzel (ISO 3166-1 Alpha-2) anlegen, ggf. Ursprungs-/Wiederholungsauftrag vermerken;Vertrieb Werk 4 (Person offen);Anfrage;Dashboard (AA K1_01), K-Laufwerk (AA F4.6_01/F4.6_02);Anfrage erfasst, Ordner angelegt;;;;;;Laut AA K1_05 Rev. 1 – Praxisabgleich offen
K1.05;5;Eingang der Anfrage beim Kunden schriftlich bestätigen;Vertrieb Werk 4 (Person offen);;E-Mail;Eingangsbestätigung versendet;Kunde;;;;;Laut AA K1_05 Rev. 1 – Praxisabgleich offen
K1.05;6;"Lieferanten auswählen, Preis/Lieferzeit anfragen, kalkulieren (Handelsware: Lieferantenangebot; Fertigung: Material + Fertigungs-, Konstruktions-, Dokumentationsstunden)";Vertrieb Werk 4 (Person offen), ggf. Auslegung/Kalkulation;Lieferantenangebote, Rohmaterialpreise;Kalkulationsvorlage, E-Mail;Kalkulation / Verkaufspreis;;offen;;;;Laut AA K1_05 Rev. 1 – Praxisabgleich offen
K1.05;7;Lieferbedingungen festlegen (Standard FCA Lich, abweichend verhandelbar);Vertrieb Werk 4 (Person offen);;;Lieferbedingung;;;;;;Laut AA K1_05 Rev. 1 – Praxisabgleich offen
K1.05;8;Zahlungskonditionen festlegen, Bonität prüfen (abhängig von Angebotshöhe und Land);Vertrieb Werk 4 (Person offen);Angebotshöhe, Land;offen;Zahlungskondition;;;Negative Bonität: Vorgehen offen;;;Laut AA K1_05 Rev. 1 – Praxisabgleich offen
K1.05;9;Angebot mit DE-/EN-Vorlage erstellen (Technik, Preis, Gültigkeit), nach Unterschriftenregelung unterschreiben lassen;Vertrieb Werk 4 (Person offen);Kalkulation, Konditionen;Angebotsvorlage DE/EN;Unterschriebenes Angebot;;Unterschriftenregelung (offen);;;;Laut AA K1_05 Rev. 1 – Praxisabgleich offen
K1.05;10;Angebot an Kunden senden, als Hard- und Softcopy ablegen;Vertrieb Werk 4 (Person offen);Angebot;E-Mail, K-Laufwerk, Papierablage;Angebot versendet und abgelegt;Kunde;;;;;Laut AA K1_05 Rev. 1 – Praxisabgleich offen
K1.05;11;Angebot nach ca. 2–4 Wochen nachfassen;Vertrieb Werk 4 (Person offen);;offen (Wiedervorlage wo?);Rückmeldung Kunde;;;Absage/Verlustgrund: Erfassung offen;;;Laut AA K1_05 Rev. 1 – Praxisabgleich offen
K3.1;1;"Auftragseingang prüfen: Bestellung auf gültiges Angebot, abgelaufenes Angebot oder ohne Angebot; Preis, Lieferzeit, Artikel, ggf. Zeichnungsnummer prüfen";Vertrieb/Administration Werk 4 (Person offen);Kundenbestellung, Angebot;Dashboard (Angebotsliste);Bestellung geprüft;;;Abweichung zum Angebot: Vorgehen offen;;;Laut AA K3.1_01 Rev. 1 – Praxisabgleich offen
K3.1;2;Debitorenstamm prüfen, bei neuem Debitor Sanktionslistenprüfung;Vertrieb/Administration Werk 4 (Person offen);Kundendaten;Debitorenstamm (System offen), AA U4_01;Debitor vorhanden/angelegt, Sanktionsprüfung erledigt;ggf. Buchhaltung;;Wortlaut der AA widersprüchlich (siehe Offene Fragen);;;Laut AA K3.1_01 Rev. 1 – Praxisabgleich offen
K3.1;3;Auftragsart einordnen: Behälterbau (Fertigung), Ersatzteil HETA-Filter (Fertigung/Handelsware), Ersatzteil Fremd-Filter (Fertigung/Handelsware), Service (Wartung, Reparatur);Vertrieb/Administration Werk 4 (Person offen);Bestellung;;Auftragsart festgelegt;;;;;;Laut AA K3.1_01 Rev. 1 – Praxisabgleich offen
K3.1;4;Auftrag in der Auftragsliste im Dashboard erfassen: aus Angebotsliste übernehmen oder manuell;Vertrieb/Administration Werk 4 (Person offen);Bestellung, Angebot;Dashboard (AA K1_01);Auftrag erfasst, Kommissionsnummer (AA F4.6_02);;;Ohne Angebot: manuelle Erfassung;;;Laut AA K3.1_01 Rev. 1 – Praxisabgleich offen
K3.1;5;Auftragsordner über Dashboard anlegen: Angebotsordner in Kommission umwandeln bzw. neu anlegen;Vertrieb/Administration Werk 4 (Person offen);Angebotsordner;Dashboard, K-Laufwerk;Auftragsordner / Kommission;;;Ohne Angebot: Ordner ohne Vorinformationen;;;Laut AA K3.1_01 Rev. 1 – Praxisabgleich offen
K3.1;6;Kundenbestellung und ggf. Zeichnungen im Dashboard verknüpfen, Bezug zu Ursprungsauftrag / letzter identischer Lieferung herstellen;Vertrieb/Administration Werk 4 (Person offen);Bestellung, Zeichnungen, Altaufträge;Dashboard;Verknüpfte Auftragsunterlagen;;;;;;Laut AA K3.1_01 Rev. 1 – Praxisabgleich offen
K3.1;7;Info-Mail „neuer Auftrag“ an alle MA mit eigener E-Mail-Adresse (Liefertermin, Umfang, Ursprungsauftrag/letzte Lieferung, ggf. PM-Verantwortliche:r);Vertrieb/Administration Werk 4 (Person offen);Auftragsdaten;E-Mail-Verteiler;Alle MA informiert;Alle MA (PM, Konstruktion, Einkauf, Fertigung …);;Praxis: Rundmail an alle mit beigefügter AB (lt. Philipp Schreiber) – Reihenfolge zu Schritt 8/9 klären;;;Laut AA K3.1_01 Rev. 1 – Praxisabgleich offen, Praxisangabe liegt vor
K3.1;8;AB im Vorlageformular schreiben, parallel Wunschliefertermin prüfen/ggf. revidieren, Preis, Lieferumfang, Liefer- und Zahlungsbedingungen prüfen;Vertrieb/Administration Werk 4 (Person offen), Liefertermin-Prüfung mit ? (offen);Bestellung, Angebot;AB-Vorlage;AB, bestätigter Liefertermin;;offen;;;;Laut AA K3.1_01 Rev. 1 – Praxisabgleich offen
K3.1;9;AB innerhalb von 3 Tagen versenden, bei Verzögerung Bestelleingang vorab per E-Mail bestätigen;Vertrieb/Administration Werk 4 (Person offen);AB;E-Mail;AB beim Kunden;Kunde;;Verzögerung: Vorab-Eingangsbestätigung;;Ziel max. 3 Tage;Laut AA K3.1_01 Rev. 1 – Praxisabgleich offen
K2;1;Aufgabe übernehmen und alle erforderlichen Unterlagen beschaffen: Projektspezifikation, Kundennormen/-vorschriften (z.B. BASF-Werksnorm), Bestellung des Kunden;Konstrukteur:in (Konstruktion Werk 4, Person offen);AB/Kundenbestellung, Projektspezifikation, Kundennormen;K-Laufwerk (Auftragsordner)?;Vollständige Auslegungsgrundlagen;;;Fehlende Unterlagen: Konstrukteur:in muss sie beschaffen;;;Laut AA K2_01 Rev. 2 – Praxisabgleich offen
K2;2;Fertigbarkeit mit der Schweißtechnik abstimmen: Schweißverfahren und Schweißzusatz rechtzeitig planen;Konstrukteur:in (Konstruktion Werk 4, Person offen), Schweißaufsicht;Konstruktionsentwurf, Werkstoffe;;Schweißtechnisch abgestimmte Konstruktion;Schweißaufsicht;;;;;Laut AA K2_01 Rev. 2 – Praxisabgleich offen
K2;3;Werkstoffe anhand der Vorgaben aus Prozess und Spezifikation festlegen;Konstrukteur:in (Konstruktion Werk 4, Person offen);Spezifikation, Prozessdaten;;Werkstoffauswahl;;;;;;Laut AA K2_01 Rev. 2 – Praxisabgleich offen
K2;4;Bestelltexte für die Materialbestellung mit dem Einkauf absprechen, Einsatz von Alternativmaterial aus dem Lager abstimmen, Auswahl in die Konstruktionsunterlagen einarbeiten;Konstrukteur:in (Konstruktion Werk 4, Person offen), Einkauf;Werkstoffauswahl, Lagerbestand;offen (Mail? Liste? Zeichnung?);Abgestimmte Bestelltexte / Materialauswahl;Einkauf (Materialbestellung, U1.1);;Stückliste wird in der AA nicht erwähnt (siehe Offene Fragen);;;Laut AA K2_01 Rev. 2 – Praxisabgleich offen
K2;5;Konstruktionsunterlagen nach allgemeinen Regeln erstellen: Benennung wie in der Kundenbestellung (ggf. mit Pos./Item-Nr.), HETA-Typennummer im Schriftfeld, Stutzentabelle nach Vorlage, Tabelle Technische Daten vollständig (DGRL/AD 2000 mit Kategorie/Modul oder ASME mit MAWP/MDMT);Konstrukteur:in (Konstruktion Werk 4, Person offen);Auslegungsdaten, Kundenbestellung;CAD, Zeichnungsvorlagen;Zeichnungen mit Stutzentabelle und Technischen Daten;;;Fehlende technische Daten müssen in Erfahrung gebracht werden (keine leeren Zeilen);;;Laut AA K2_01 Rev. 2 – Praxisabgleich offen
K2;6;"Kundenspezifische Angaben ergänzen – z.B. BASF (WN): Benennung mit Größe/Druck/Temperatur/Werkstoff, Bestellangaben, zugehörige Zeichnungen, äußere Lasten, Anzugsmomente, Schweißangaben, Toleranzen, Kennzeichnung, Oberfläche; Thyssen Krupp (UHDE): TK-Schriftkopf auf jeder Unterlage, Stutzenlasten, Anzugsmomente, Hinweise, Oberfläche";Konstrukteur:in (Konstruktion Werk 4, Person offen);Kundenspezifikation, Kundenbestellung;CAD, Kundenvorlagen (z.B. TK-Logo/Schriftkopf);Kundenkonforme Konstruktionsunterlagen;;;;;;Laut AA K2_01 Rev. 2 – Praxisabgleich offen
K2;7;Alle zutreffenden Abteilungen frühzeitig und vollständig mit den Zeichnungsunterlagen versorgen;Konstrukteur:in (Konstruktion Werk 4, Person offen);Fertige Konstruktionsunterlagen;offen (K-Laufwerk? Mail? Papier?);Abteilungen haben aktuelle Unterlagen;Fertigung, Einkauf, PM, Dokumentation (Weg offen);Prüfung/Freigabe vorher? (AA K2_03);;;;Laut AA K2_01 Rev. 2 – Praxisabgleich offen
K2;8;Änderungsdienst bei Kundenänderungen nach AA K2_02 Zeichnungsänderung: Unterlagen ändern und intern alle informieren, damit Bestellungen bei Lieferanten angepasst werden können;Konstrukteur:in (Konstruktion Werk 4, Person offen);Änderungswunsch des Kunden;CAD, AA K2_02;Geänderte Unterlagen, alle informiert;Alle Betroffenen, insbesondere Einkauf;;;;;Laut AA K2_01 Rev. 2 – Praxisabgleich offen
