Frage-ID;Prozessbezug;Frage;Klärung durch;Nächster Schritt;Fälligkeit;Status;Antwort / Entscheidung;Nachweis
Q01;F;Offizielle Namen der Hauptprozesse laut QM-Handbuch? Was verbirgt sich hinter F1–F3 und U3 (keine AA vorhanden)?;Häfer;;;offen;;
Q02;F4.6;Geltungsbereich „Werk4“: Gilt er für alle Bereiche? Warum tragen die K3.3.11-AA und AA U2_01 keinen Zusatz „Werk4“?;Häfer;;;offen;;
Q03;K;Service- und Ersatzteilgeschäft hat keinen eigenen Prozess, obwohl es laut Organigramm eine Funktion „Standard- und Ersatzteile“ gibt. Steckt es in K1/K3.1?;Brühl / Linker / Nitzsche;;;offen;;
Q04;K;Für Auslegung/Kalkulation, Projektmanagement, Fertigungsplanung und Inbetriebnahme gibt es keine AA. Lücke oder anderswo geregelt?;Hensel / Häfer;;;offen;;
Q05;K3.2;Rechnungserstellung steht auf Revision R0: Entwurf, nie freigegeben?;Häfer / Brühl;;;offen;;
Q06;K3.3;Lagerwesen ist unter Fertigung (K3.3.11) einsortiert, Wareneingang unter Beschaffung (U1.4). Wer ist tatsächlich für Lager, Wareneingang und Versand zuständig?;Justus / Köhler;;;offen;;
Q07;K1.05;Wer bearbeitet die einzelnen Schritte? Wann werden Technik, Einkauf oder Geschäftsleitung eingebunden?;Linker;;;offen;;
Q08;K1.05;Dashboard: Welche Felder und Status werden genutzt? Wer pflegt die Daten?;Linker;;;offen;;
Q09;K1.05;Kalkulation: Wie werden Stundensätze, Zuschläge, Marge und Verkaufspreis festgelegt und freigegeben?;Hensel / Mühlberger;;;offen;;
Q10;K1.05;Sanktions- und Bonitätsprüfung: Wer prüft, wo wird das Ergebnis dokumentiert?;Linker;;;offen;;
Q11;K1.05;Unterschriftenregelung: Wer darf welche Angebote unterschreiben? Gibt es Wertgrenzen?;Hensel;;;offen;;
Q12;K1.05;Wie wird mit unvollständigen Kundendaten umgegangen?;Linker;;;offen;;
Q13;K1.05;Negative Prüfung / fehlende Machbarkeit: Wer entscheidet über das weitere Vorgehen?;Hensel;;;offen;;
Q14;K1.05;Angebotsrevisionen: Wie werden Änderungen und ältere Angebotsstände gekennzeichnet?;Linker;;;offen;;
Q15;K1.05;Nachverfolgung: Wer setzt Wiedervorlagen? Wo werden Rückmeldungen, Absagen und Verlustgründe erfasst?;Linker;;;offen;;
Q16;K1.05/K3.1;Übergang zum Auftrag: Welche Angebotsdaten werden übernommen, welche erneut eingegeben?;Linker;;;offen;;
Q17;K3.1;AA-Wortlaut: „wurde der Kunde bereits als Debitor erfasst, muss ggf. eine Sanktionsprüfung erfolgen“ – gemeint ist vermutlich „noch nicht erfasst“? Wird bei Bestandskunden erneut geprüft?;Linker;;;offen;;
Q18;K3.1;Wo wird der Debitorenstamm geführt (Buchhaltungssoftware? Dashboard?) und wer legt neue Debitoren an?;Brühl / Buchhaltung;;;offen;;
Q19;K3.1;Bestellung auf abgelaufenes Angebot oder mit abweichendem Preis/Lieferzeit: Wer entscheidet, wie wird der Kunde informiert?;Linker / Hensel;;;offen;;
Q20;K3.1;Wie und von wem wird die Kommissionsnummer vergeben? Automatisch durch das Dashboard?;Linker;;;offen;;
Q21;K3.1;Liefertermin prüfen: Mit wem (Konstruktion, Einkauf, Fertigung)? Gibt es eine Kapazitätsübersicht?;Linker / Justus;;;offen;;
Q22;K3.1;Wer benennt die PM-Verantwortliche Person und wann? Gibt es Kriterien (Auftragsart, Wert)?;Hensel / Brühl;;;offen;;
Q23;K3.1;Die Info-Mail an alle ist die einzige beschriebene Übergabe: Woher wissen Konstruktion, Einkauf und Fertigung, dass sie konkret etwas tun müssen?;Linker, Scharmann, Köhler, Justus;;;beantwortet;Übergabe erfolgt per Rundmail an alle, der die Auftragsbestätigung beiliegt.;Aussage Philipp Schreiber, 28.09.2026
Q24;K3.1;Rundmail mit AB: Wird sie erst nach Erstellung der AB verschickt (laut AA kommt die Info-Mail vor der AB)? Gibt es bei Verzögerung der AB vorab eine Info-Mail ohne AB?;Linker;;;offen;;
Q25;K3.1;Nach der Rundmail: Leitet jeder Bereich seine Aufgaben selbst aus der AB ab, oder beauftragt jemand (z.B. PM) Konstruktion, Einkauf und Fertigung ausdrücklich? Wer merkt, wenn niemand reagiert?;Linker, Häfer, Hamp, Schreiber;;;offen;;
Q26;K3.1;Welche Informationen fehlen den Bereichen in der AB (interne Hinweise, Ursprungsauftrag, PM-Verantwortliche:r) und werden anders nachgereicht?;Scharmann, Köhler, Justus;;;offen;;
Q27;K3.1;Wer unterschreibt/gibt die AB frei? Gilt die Unterschriftenregelung des Angebots?;Hensel;;;offen;;
Q28;K3.1;Wo wird die AB abgelegt und wo wird die AB-Nummer vergeben?;Linker;;;offen;;
Q29;K3.1;Unterscheidet sich der Ablauf je Auftragsart (Behälterbau, Ersatzteil, Service)? Wer übernimmt Serviceaufträge?;Brühl / Linker / Nitzsche;;;offen;;
Q30;K3.1;Wird die 3-Tage-Frist für die AB gemessen oder nachgehalten?;Linker;;;offen;;
Q31;K3.1;Kundenseitige Auftragsänderungen nach AB: Wie laufen sie ab (keine AA vorhanden)?;Linker;;;offen;;
Q32;K3.1;Mitgeltende Dokumente: Sanktionslistenprüfung (AA U4_01) und Projektordnerstruktur (AA F4.6_01) werden im Text genutzt, aber nicht als mitgeltend aufgeführt – ergänzen?;Häfer;;;offen;;
Q33;K2;Wie erfährt die Konstruktion von einem neuen Auftrag (Rundmail mit AB?) und wer weist ihn einer Konstrukteurin/einem Konstrukteur zu – Leiter Konstruktion oder PM?;Scharmann;;;offen;;
Q34;K2;Stückliste: Wird eine erstellt, in welchem System (CAD, Excel?) und wie gelangt sie zum Einkauf? Die AA nennt nur das Abstimmen der Bestelltexte.;Scharmann / Köhler;;;offen;;
Q35;K2;Bestelltexte an den Einkauf: In welcher Form werden sie übergeben (Mail, Liste, Zeichnung) und wann – alles auf einmal oder Langläufer vorab?;Scharmann / Köhler;;;offen;;
Q36;K2;Alternativmaterial aus dem Lager: Woher weiß die Konstruktion, was am Lager ist? Gibt es eine Bestandsliste?;Köhler / Justus;;;offen;;
Q37;K2;Festigkeitsberechnung (AD 2000 / ASME): Wer rechnet, mit welchem Programm, und wo wird das Ergebnis abgelegt? Nicht Teil der AA.;Scharmann;;;offen;;
Q38;K2;Prüfung und Freigabe der Zeichnungen vor der Verteilung: Läuft das nach AA K2_03? Die AA ist nicht als mitgeltend aufgeführt.;Scharmann / Häfer;;;offen;;
Q39;K2;Verteilung der Zeichnungen: Auf welchem Weg erhalten Fertigung, Einkauf, PM und Dokumentation die Unterlagen, und wie wird sichergestellt, dass alle den aktuellen Änderungsstand haben?;Scharmann, Justus;;;offen;;
Q40;K2;Kundenfreigabe von Zeichnungen (Zeichnungen zur Genehmigung): Wer schickt sie, wie wird die Freigabe nachgehalten?;Scharmann / PM;;;offen;;
Q41;K2;Welches CAD-System wird genutzt, wo werden Zeichnungen abgelegt, und wie wird die Zeichnungsnummer vergeben (AA F4.6_02 Nummernschlüssel?);Scharmann;;;offen;;
Q42;K2;HETA-Typennummer: Nach welcher Systematik wird sie vergeben und wo ist sie hinterlegt?;Scharmann;;;offen;;
Q43;K2;Kundenspezifikationen (BASF-Werksnorm, Thyssen Krupp/UHDE u.a.): Wo liegen sie, und wer hält sie aktuell?;Scharmann / Häfer;;;offen;;
Q44;K2;Werden Konstruktionsstunden auf die Kommission gebucht (für die Nachkalkulation)?;Scharmann / Brühl;;;offen;;
Q45;U1.1;"Wird vor einer Bestellung auf Kommission geprüft, ob das Material am Lager ist? Die AA Bestellung sieht keinen solchen Schritt vor; die Lagerliste dient laut AA Lagerwesen nur dazu, Nachbestellbedarf zu erkennen.";Köhler / Justus;;;offen;;
Q46;U1.1;MDL: Wer erstellt sie, wird die Stückliste von Hand übertragen, und wo liegt sie für alle Abteilungen?;Köhler / Hamp;;;offen;;
Q47;U1.1;Bestellnummer, Bestelldaten, Lieferscheine und Rechnungswert werden in Dashboard UND MDL (und DATEV) geführt – welche Liste ist führend, und wo wird doppelt eingetragen?;Köhler / Brühl;;;offen;;
Q48;U1.1;Unterschriftenregelung für Bestellungen: Wer darf bis zu welchem Wert unterschreiben?;Hensel / Köhler;;;offen;;
Q49;U1.1;Auf welchem Weg geht die Bestellung an den Lieferanten, und wird dessen Auftragsbestätigung (Liefertermin) irgendwo erfasst und überwacht?;Köhler;;;offen;;
Q50;U1.4;Woher weiß der Wareneingang, was bestellt wurde (Bestellpositionen für die Vollständigkeitsprüfung) – Ausdruck der Bestellung, Dashboard, MDL?;Justus / Köhler;;;offen;;
Q51;U1.4;Wer ist „Fertigungsleiter Werk 4“ (verantwortlich laut AA) und wer nimmt die Ware in der Praxis an?;Justus / Scharmann;;;offen;;
Q52;U1.4;Zeugnisse: Wie kommen die Werkstoffzeugnisse vom Lieferanten zu PM/Dokumentation und werden der Kommission zugeordnet?;Hamp / Häfer;;;offen;;
Q53;U1.4;Wird die Frist „max. 1 Arbeitstag zwischen Annahme und Prüfung“ eingehalten bzw. nachgehalten?;Justus;;;offen;;
Q54;Lager, Bestandsführung und Inventur;Lagerwesen nennt die Liste „Lagerbestand“, Wareneingang „Lagerbestandsführung“ (beide FB_K3.3.11-26) – ist das dieselbe Excel-Liste?;Häfer;;;offen;;
Q55;Lager, Bestandsführung und Inventur;Nur Rohre, Flansche und Stangenmaterial werden geführt. Gibt es weitere Lagerartikel (Normteile, Dichtungen, Schweißzusatz, Standard-/Ersatzteile) ohne Bestandsführung?;Justus / Köhler;;;offen;;
Q56;Lager, Bestandsführung und Inventur;Gibt es Mindestbestände, und wer schaut regelmäßig in die Liste, um nachzubestellen?;Köhler;;;offen;;
Q57;Lager, Bestandsführung und Inventur;Wird Lagermaterial für eine Kommission reserviert, bevor es entnommen wird?;Justus;;;offen;;
Q58;Lager, Bestandsführung und Inventur;Wie oft kommt die Entnahme per Zettel vor, und wie genau ist die Liste im Vergleich zum tatsächlichen Bestand (Inventur)?;Justus / Häfer;;;offen;;
Q59;F;AA F4_01 „Steuerung von Nichtkonformitäten“ und AA U2.3_01 „Umgang Gefahrstoffe“ werden als mitgeltend genannt, fehlen aber in der Dateiliste der Arbeitsanweisungen – wo liegen sie?;Häfer;;;offen;;
