Daten-ID;System / Datei / Ablage;Inhalt;Prozessbezug;Pflegeverantwortlicher;Führende Datenquelle;Speicherort;Übertragungswege;Datenqualität;Migrationsbedarf
S01;Dashboard (Excel-Makrodateien: MASTERDATEN AUFTRAG.xlsx, Auftragsübersicht.xlsm, Positionsansicht Auftrag.xlsm);Anfrage-, Angebots- und Auftragslisten, Ordneranlage, Verknüpfung Bestellung/Zeichnungen;K1.05, K3.1;offen;ja (vermutlich);K:\Datenstruktur\Systemdateien\DB_Statistik\ (Positionsansicht);manuelle Eingabe, Übernahme Angebot → Auftrag;offen;hoch – zentrale Datenquelle
S02;Projekt-/Auftragsordner K-Laufwerk;Angebots- und Auftragsunterlagen, Kommission;K1.05, K3.1;Vertrieb/Administration;;K-Laufwerk (Struktur lt. AA F4.6_01);Anlage über Dashboard;offen;offen
S03;Kalkulationsvorlage;Material, Stunden, Preis;K1.05;offen;;offen;;offen;offen
S04;Angebotsvorlage DE/EN;Angebotsdokument;K1.05;offen;;offen;;;
S05;AB-Vorlageformular;Auftragsbestätigung;K3.1;offen;;offen;;;
S06;Debitorenstamm;Kundenstammdaten;K3.1, Buchhaltung;offen;offen;offen (System?);;offen;hoch
S07;E-Mail / Verteiler „alle MA“;Auftragsinformation mit AB (Rundmail), Eingangsbestätigungen;K1.05, K3.1;;;Outlook (Ablage lt. AA K1_03);;;
S08;Papierablage (Hardcopy);Angebote;K1.05;;;offen;;;
S09;Material-Deadline-Liste (MDL, Excel);Zu bestellende Teile je Auftrag, Bestellstatus;U1.1;Einkauf;offen;offen;aus Stückliste (von Hand?);offen;hoch
S10;Dashboard – Bestellliste;Bestellnummern, Bestelldaten, Lieferungen, Rechnungswerte;U1.1;Einkauf;offen;Dashboard;manuell aus Bestellung, Lieferschein, DATEV;offen;hoch
S11;DATEV;Eingangsrechnungen, Prüfung und Freigabe;U1.1, Buchhaltung;Buchhaltung/Einkauf;ja (Rechnungen);DATEV;;;Schnittstelle prüfen
S12;Lagerbestandsliste (Excel, FB_K3.3.11-26);Rohre, Flansche, Stangenmaterial: Zugänge/Entnahmen;Lager, U1.4, U1.1;Justus, Köhler, Häfer;ja (einzige Bestandsführung);K:\02 Lager\Lagerbestand;Wareneingang, Entnahme, Zettel;offen (Zettel-Entnahmen);hoch
S13;Wareneingang: Stempel, Ordner WE, Ablagekästen rot/blau;Lieferscheine unbearbeitet/bearbeitet;U1.4, U1.1;Wareneingang;;Papier + Scan;Papier;;mittel
